"0","# Which model has the lowest MSE and what are its coefficients?"
"0","which.min(val.errors)"
"1","[1]"
"1"," 7"
"1","
"
"0","coef(regfit.best, which.min(val.errors))"
"1"," (Intercept) "
"1","       atbat "
"1","        hits "
"1","       walks "
"1","
"
"1","  67.1085369 "
"1","  -2.1462987 "
"1","   7.0149547 "
"1","   8.0716640 "
"1","
"
"1","       cruns "
"1","      cwalks "
"1","   divisionW "
"1","     putouts "
"1","
"
"1","   1.2425113 "
"1","  -0.8337844 "
"1","-118.4364998 "
"1","   0.2526925 "
"1","
"
